<?xml version="1.0" encoding="utf-8"?>
<UANodeSet xmlns:xsi="http://www.w3.org/2001/XMLSchema-instance" xmlns:uax="http://opcfoundation.org/UA/2008/02/Types.xsd" xmlns="http://opcfoundation.org/UA/2011/03/UANodeSet.xsd" xmlns:s1="http://yourorganisation.org/OPC_UA/Types.xsd" xmlns:ua="http://unifiedautomation.com/Configuration/NodeSet.xsd" xmlns:xsd="http://www.w3.org/2001/XMLSchema">
    <NamespaceUris>
        <Uri>http://yourorganisation.org/OPC_UA/</Uri>
    </NamespaceUris>
    <Aliases>
        <Alias Alias="Boolean">i=1</Alias>
        <Alias Alias="Double">i=11</Alias>
        <Alias Alias="LocalizedText">i=21</Alias>
        <Alias Alias="Organizes">i=35</Alias>
        <Alias Alias="HasModellingRule">i=37</Alias>
        <Alias Alias="HasTypeDefinition">i=40</Alias>
        <Alias Alias="HasSubtype">i=45</Alias>
        <Alias Alias="HasProperty">i=46</Alias>
        <Alias Alias="HasComponent">i=47</Alias>
        <Alias Alias="Range">i=884</Alias>
    </Aliases>
    <Extensions>
        <Extension>
            <ua:ModelInfo Tool="UaModeler" Hash="aUPCrJ9ca5LLRHXTBlI12A==" Version="1.5.2"/>
        </Extension>
    </Extensions>
    <UAObjectType NodeId="ns=1;i=1002" BrowseName="1:Pump">
        <DisplayName>Pump</DisplayName>
        <References>
            <Reference ReferenceType="HasComponent">ns=1;i=6008</Reference>
            <Reference ReferenceType="HasComponent">ns=1;i=6009</Reference>
            <Reference ReferenceType="HasComponent">ns=1;i=6010</Reference>
            <Reference ReferenceType="HasSubtype" IsForward="false">i=58</Reference>
            <Reference ReferenceType="HasComponent">ns=1;i=6011</Reference>
        </References>
    </UAObjectType>
    <UAVariable DataType="Boolean" ParentNodeId="ns=1;i=1002" NodeId="ns=1;i=6008" BrowseName="1:Flow" UserAccessLevel="3" AccessLevel="3">
        <DisplayName>Flow</DisplayName>
        <References>
            <Reference ReferenceType="HasProperty">ns=1;i=6012</Reference>
            <Reference ReferenceType="HasModellingRule">i=78</Reference>
            <Reference ReferenceType="HasProperty">ns=1;i=6024</Reference>
            <Reference ReferenceType="HasTypeDefinition">i=2373</Reference>
            <Reference ReferenceType="HasComponent" IsForward="false">ns=1;i=1002</Reference>
        </References>
    </UAVariable>
    <UAVariable DataType="LocalizedText" ParentNodeId="ns=1;i=6008" NodeId="ns=1;i=6012" BrowseName="FalseState">
        <DisplayName>FalseState</DisplayName>
        <References>
            <Reference ReferenceType="HasProperty" IsForward="false">ns=1;i=6008</Reference>
            <Reference ReferenceType="HasModellingRule">i=78</Reference>
            <Reference ReferenceType="HasTypeDefinition">i=68</Reference>
        </References>
    </UAVariable>
    <UAVariable DataType="LocalizedText" ParentNodeId="ns=1;i=6008" NodeId="ns=1;i=6024" BrowseName="TrueState">
        <DisplayName>TrueState</DisplayName>
        <References>
            <Reference ReferenceType="HasModellingRule">i=78</Reference>
            <Reference ReferenceType="HasTypeDefinition">i=68</Reference>
            <Reference ReferenceType="HasProperty" IsForward="false">ns=1;i=6008</Reference>
        </References>
    </UAVariable>
    <UAVariable DataType="Boolean" ParentNodeId="ns=1;i=1002" NodeId="ns=1;i=6009" BrowseName="1:Off" UserAccessLevel="3" AccessLevel="3">
        <DisplayName>Off</DisplayName>
        <References>
            <Reference ReferenceType="HasProperty">ns=1;i=6013</Reference>
            <Reference ReferenceType="HasModellingRule">i=78</Reference>
            <Reference ReferenceType="HasProperty">ns=1;i=6025</Reference>
            <Reference ReferenceType="HasTypeDefinition">i=2373</Reference>
            <Reference ReferenceType="HasComponent" IsForward="false">ns=1;i=1002</Reference>
        </References>
    </UAVariable>
    <UAVariable DataType="LocalizedText" ParentNodeId="ns=1;i=6009" NodeId="ns=1;i=6013" BrowseName="FalseState">
        <DisplayName>FalseState</DisplayName>
        <References>
            <Reference ReferenceType="HasProperty" IsForward="false">ns=1;i=6009</Reference>
            <Reference ReferenceType="HasModellingRule">i=78</Reference>
            <Reference ReferenceType="HasTypeDefinition">i=68</Reference>
        </References>
    </UAVariable>
    <UAVariable DataType="LocalizedText" ParentNodeId="ns=1;i=6009" NodeId="ns=1;i=6025" BrowseName="TrueState">
        <DisplayName>TrueState</DisplayName>
        <References>
            <Reference ReferenceType="HasModellingRule">i=78</Reference>
            <Reference ReferenceType="HasTypeDefinition">i=68</Reference>
            <Reference ReferenceType="HasProperty" IsForward="false">ns=1;i=6009</Reference>
        </References>
    </UAVariable>
    <UAVariable DataType="Boolean" ParentNodeId="ns=1;i=1002" NodeId="ns=1;i=6010" BrowseName="1:On" UserAccessLevel="3" AccessLevel="3">
        <DisplayName>On</DisplayName>
        <References>
            <Reference ReferenceType="HasProperty">ns=1;i=6014</Reference>
            <Reference ReferenceType="HasModellingRule">i=78</Reference>
            <Reference ReferenceType="HasProperty">ns=1;i=6026</Reference>
            <Reference ReferenceType="HasTypeDefinition">i=2373</Reference>
            <Reference ReferenceType="HasComponent" IsForward="false">ns=1;i=1002</Reference>
        </References>
    </UAVariable>
    <UAVariable DataType="LocalizedText" ParentNodeId="ns=1;i=6010" NodeId="ns=1;i=6014" BrowseName="FalseState">
        <DisplayName>FalseState</DisplayName>
        <References>
            <Reference ReferenceType="HasProperty" IsForward="false">ns=1;i=6010</Reference>
            <Reference ReferenceType="HasModellingRule">i=78</Reference>
            <Reference ReferenceType="HasTypeDefinition">i=68</Reference>
        </References>
    </UAVariable>
    <UAVariable DataType="LocalizedText" ParentNodeId="ns=1;i=6010" NodeId="ns=1;i=6026" BrowseName="TrueState">
        <DisplayName>TrueState</DisplayName>
        <References>
            <Reference ReferenceType="HasModellingRule">i=78</Reference>
            <Reference ReferenceType="HasTypeDefinition">i=68</Reference>
            <Reference ReferenceType="HasProperty" IsForward="false">ns=1;i=6010</Reference>
        </References>
    </UAVariable>
    <UAVariable DataType="Boolean" ParentNodeId="ns=1;i=1002" NodeId="ns=1;i=6011" BrowseName="1:State" UserAccessLevel="3" AccessLevel="3">
        <DisplayName>State</DisplayName>
        <References>
            <Reference ReferenceType="HasProperty">ns=1;i=6015</Reference>
            <Reference ReferenceType="HasModellingRule">i=78</Reference>
            <Reference ReferenceType="HasProperty">ns=1;i=6027</Reference>
            <Reference ReferenceType="HasTypeDefinition">i=2373</Reference>
            <Reference ReferenceType="HasComponent" IsForward="false">ns=1;i=1002</Reference>
        </References>
    </UAVariable>
    <UAVariable DataType="LocalizedText" ParentNodeId="ns=1;i=6011" NodeId="ns=1;i=6015" BrowseName="FalseState">
        <DisplayName>FalseState</DisplayName>
        <References>
            <Reference ReferenceType="HasProperty" IsForward="false">ns=1;i=6011</Reference>
            <Reference ReferenceType="HasModellingRule">i=78</Reference>
            <Reference ReferenceType="HasTypeDefinition">i=68</Reference>
        </References>
    </UAVariable>
    <UAVariable DataType="LocalizedText" ParentNodeId="ns=1;i=6011" NodeId="ns=1;i=6027" BrowseName="TrueState">
        <DisplayName>TrueState</DisplayName>
        <References>
            <Reference ReferenceType="HasModellingRule">i=78</Reference>
            <Reference ReferenceType="HasTypeDefinition">i=68</Reference>
            <Reference ReferenceType="HasProperty" IsForward="false">ns=1;i=6011</Reference>
        </References>
    </UAVariable>
    <UAObjectType NodeId="ns=1;i=1004" BrowseName="1:Tank">
        <DisplayName>Tank</DisplayName>
        <References>
            <Reference ReferenceType="HasComponent">ns=1;i=6005</Reference>
            <Reference ReferenceType="HasComponent">ns=1;i=6006</Reference>
            <Reference ReferenceType="HasComponent">ns=1;i=6007</Reference>
            <Reference ReferenceType="HasComponent">ns=1;i=5001</Reference>
            <Reference ReferenceType="HasComponent">ns=1;i=5002</Reference>
            <Reference ReferenceType="HasSubtype" IsForward="false">i=58</Reference>
            <Reference ReferenceType="HasComponent">ns=1;i=5003</Reference>
        </References>
    </UAObjectType>
    <UAVariable DataType="Boolean" ParentNodeId="ns=1;i=1004" NodeId="ns=1;i=6005" BrowseName="1:Automatic" UserAccessLevel="3" AccessLevel="3">
        <DisplayName>Automatic</DisplayName>
        <References>
            <Reference ReferenceType="HasProperty">ns=1;i=6020</Reference>
            <Reference ReferenceType="HasModellingRule">i=78</Reference>
            <Reference ReferenceType="HasProperty">ns=1;i=6021</Reference>
            <Reference ReferenceType="HasTypeDefinition">i=2373</Reference>
            <Reference ReferenceType="HasComponent" IsForward="false">ns=1;i=1004</Reference>
        </References>
    </UAVariable>
    <UAVariable DataType="LocalizedText" ParentNodeId="ns=1;i=6005" NodeId="ns=1;i=6020" BrowseName="FalseState">
        <DisplayName>FalseState</DisplayName>
        <References>
            <Reference ReferenceType="HasProperty" IsForward="false">ns=1;i=6005</Reference>
            <Reference ReferenceType="HasModellingRule">i=78</Reference>
            <Reference ReferenceType="HasTypeDefinition">i=68</Reference>
        </References>
    </UAVariable>
    <UAVariable DataType="LocalizedText" ParentNodeId="ns=1;i=6005" NodeId="ns=1;i=6021" BrowseName="TrueState">
        <DisplayName>TrueState</DisplayName>
        <References>
            <Reference ReferenceType="HasModellingRule">i=78</Reference>
            <Reference ReferenceType="HasTypeDefinition">i=68</Reference>
            <Reference ReferenceType="HasProperty" IsForward="false">ns=1;i=6005</Reference>
        </References>
    </UAVariable>
    <UAVariable DataType="Double" ParentNodeId="ns=1;i=1004" NodeId="ns=1;i=6006" BrowseName="1:Counter" UserAccessLevel="3" AccessLevel="3">
        <DisplayName>Counter</DisplayName>
        <References>
            <Reference ReferenceType="HasTypeDefinition">i=2368</Reference>
            <Reference ReferenceType="HasProperty">ns=1;i=6022</Reference>
            <Reference ReferenceType="HasModellingRule">i=78</Reference>
            <Reference ReferenceType="HasComponent" IsForward="false">ns=1;i=1004</Reference>
        </References>
    </UAVariable>
    <UAVariable DataType="Range" ParentNodeId="ns=1;i=6006" NodeId="ns=1;i=6022" BrowseName="EURange">
        <DisplayName>EURange</DisplayName>
        <References>
            <Reference ReferenceType="HasProperty" IsForward="false">ns=1;i=6006</Reference>
            <Reference ReferenceType="HasModellingRule">i=78</Reference>
            <Reference ReferenceType="HasTypeDefinition">i=68</Reference>
        </References>
    </UAVariable>
    <UAVariable DataType="Double" ParentNodeId="ns=1;i=1004" NodeId="ns=1;i=6007" BrowseName="1:Level" UserAccessLevel="3" AccessLevel="3">
        <DisplayName>Level</DisplayName>
        <References>
            <Reference ReferenceType="HasTypeDefinition">i=2368</Reference>
            <Reference ReferenceType="HasProperty">ns=1;i=6023</Reference>
            <Reference ReferenceType="HasModellingRule">i=78</Reference>
            <Reference ReferenceType="HasComponent" IsForward="false">ns=1;i=1004</Reference>
        </References>
    </UAVariable>
    <UAVariable DataType="Range" ParentNodeId="ns=1;i=6007" NodeId="ns=1;i=6023" BrowseName="EURange">
        <DisplayName>EURange</DisplayName>
        <References>
            <Reference ReferenceType="HasProperty" IsForward="false">ns=1;i=6007</Reference>
            <Reference ReferenceType="HasModellingRule">i=78</Reference>
            <Reference ReferenceType="HasTypeDefinition">i=68</Reference>
        </References>
    </UAVariable>
    <UAObject ParentNodeId="ns=1;i=1004" NodeId="ns=1;i=5001" BrowseName="1:P1">
        <DisplayName>P1</DisplayName>
        <References>
            <Reference ReferenceType="HasComponent">ns=1;i=6028</Reference>
            <Reference ReferenceType="HasModellingRule">i=78</Reference>
            <Reference ReferenceType="HasComponent">ns=1;i=6031</Reference>
            <Reference ReferenceType="HasComponent">ns=1;i=6034</Reference>
            <Reference ReferenceType="HasTypeDefinition">ns=1;i=1002</Reference>
            <Reference ReferenceType="HasComponent" IsForward="false">ns=1;i=1004</Reference>
            <Reference ReferenceType="HasComponent">ns=1;i=6037</Reference>
        </References>
    </UAObject>
    <UAVariable DataType="Boolean" ParentNodeId="ns=1;i=5001" NodeId="ns=1;i=6028" BrowseName="1:Flow" UserAccessLevel="3" AccessLevel="3">
        <DisplayName>Flow</DisplayName>
        <References>
            <Reference ReferenceType="HasProperty">ns=1;i=6029</Reference>
            <Reference ReferenceType="HasComponent" IsForward="false">ns=1;i=5001</Reference>
            <Reference ReferenceType="HasModellingRule">i=78</Reference>
            <Reference ReferenceType="HasProperty">ns=1;i=6030</Reference>
            <Reference ReferenceType="HasTypeDefinition">i=2373</Reference>
        </References>
    </UAVariable>
    <UAVariable DataType="LocalizedText" ParentNodeId="ns=1;i=6028" NodeId="ns=1;i=6029" BrowseName="FalseState">
        <DisplayName>FalseState</DisplayName>
        <References>
            <Reference ReferenceType="HasProperty" IsForward="false">ns=1;i=6028</Reference>
            <Reference ReferenceType="HasModellingRule">i=78</Reference>
            <Reference ReferenceType="HasTypeDefinition">i=68</Reference>
        </References>
    </UAVariable>
    <UAVariable DataType="LocalizedText" ParentNodeId="ns=1;i=6028" NodeId="ns=1;i=6030" BrowseName="TrueState">
        <DisplayName>TrueState</DisplayName>
        <References>
            <Reference ReferenceType="HasModellingRule">i=78</Reference>
            <Reference ReferenceType="HasTypeDefinition">i=68</Reference>
            <Reference ReferenceType="HasProperty" IsForward="false">ns=1;i=6028</Reference>
        </References>
    </UAVariable>
    <UAVariable DataType="Boolean" ParentNodeId="ns=1;i=5001" NodeId="ns=1;i=6031" BrowseName="1:Off" UserAccessLevel="3" AccessLevel="3">
        <DisplayName>Off</DisplayName>
        <References>
            <Reference ReferenceType="HasProperty">ns=1;i=6032</Reference>
            <Reference ReferenceType="HasModellingRule">i=78</Reference>
            <Reference ReferenceType="HasComponent" IsForward="false">ns=1;i=5001</Reference>
            <Reference ReferenceType="HasProperty">ns=1;i=6033</Reference>
            <Reference ReferenceType="HasTypeDefinition">i=2373</Reference>
        </References>
    </UAVariable>
    <UAVariable DataType="LocalizedText" ParentNodeId="ns=1;i=6031" NodeId="ns=1;i=6032" BrowseName="FalseState">
        <DisplayName>FalseState</DisplayName>
        <References>
            <Reference ReferenceType="HasProperty" IsForward="false">ns=1;i=6031</Reference>
            <Reference ReferenceType="HasModellingRule">i=78</Reference>
            <Reference ReferenceType="HasTypeDefinition">i=68</Reference>
        </References>
    </UAVariable>
    <UAVariable DataType="LocalizedText" ParentNodeId="ns=1;i=6031" NodeId="ns=1;i=6033" BrowseName="TrueState">
        <DisplayName>TrueState</DisplayName>
        <References>
            <Reference ReferenceType="HasModellingRule">i=78</Reference>
            <Reference ReferenceType="HasTypeDefinition">i=68</Reference>
            <Reference ReferenceType="HasProperty" IsForward="false">ns=1;i=6031</Reference>
        </References>
    </UAVariable>
    <UAVariable DataType="Boolean" ParentNodeId="ns=1;i=5001" NodeId="ns=1;i=6034" BrowseName="1:On" UserAccessLevel="3" AccessLevel="3">
        <DisplayName>On</DisplayName>
        <References>
            <Reference ReferenceType="HasProperty">ns=1;i=6035</Reference>
            <Reference ReferenceType="HasModellingRule">i=78</Reference>
            <Reference ReferenceType="HasComponent" IsForward="false">ns=1;i=5001</Reference>
            <Reference ReferenceType="HasProperty">ns=1;i=6036</Reference>
            <Reference ReferenceType="HasTypeDefinition">i=2373</Reference>
        </References>
    </UAVariable>
    <UAVariable DataType="LocalizedText" ParentNodeId="ns=1;i=6034" NodeId="ns=1;i=6035" BrowseName="FalseState">
        <DisplayName>FalseState</DisplayName>
        <References>
            <Reference ReferenceType="HasProperty" IsForward="false">ns=1;i=6034</Reference>
            <Reference ReferenceType="HasModellingRule">i=78</Reference>
            <Reference ReferenceType="HasTypeDefinition">i=68</Reference>
        </References>
    </UAVariable>
    <UAVariable DataType="LocalizedText" ParentNodeId="ns=1;i=6034" NodeId="ns=1;i=6036" BrowseName="TrueState">
        <DisplayName>TrueState</DisplayName>
        <References>
            <Reference ReferenceType="HasModellingRule">i=78</Reference>
            <Reference ReferenceType="HasTypeDefinition">i=68</Reference>
            <Reference ReferenceType="HasProperty" IsForward="false">ns=1;i=6034</Reference>
        </References>
    </UAVariable>
    <UAVariable DataType="Boolean" ParentNodeId="ns=1;i=5001" NodeId="ns=1;i=6037" BrowseName="1:State" UserAccessLevel="3" AccessLevel="3">
        <DisplayName>State</DisplayName>
        <References>
            <Reference ReferenceType="HasProperty">ns=1;i=6038</Reference>
            <Reference ReferenceType="HasModellingRule">i=78</Reference>
            <Reference ReferenceType="HasComponent" IsForward="false">ns=1;i=5001</Reference>
            <Reference ReferenceType="HasProperty">ns=1;i=6039</Reference>
            <Reference ReferenceType="HasTypeDefinition">i=2373</Reference>
        </References>
    </UAVariable>
    <UAVariable DataType="LocalizedText" ParentNodeId="ns=1;i=6037" NodeId="ns=1;i=6038" BrowseName="FalseState">
        <DisplayName>FalseState</DisplayName>
        <References>
            <Reference ReferenceType="HasProperty" IsForward="false">ns=1;i=6037</Reference>
            <Reference ReferenceType="HasModellingRule">i=78</Reference>
            <Reference ReferenceType="HasTypeDefinition">i=68</Reference>
        </References>
    </UAVariable>
    <UAVariable DataType="LocalizedText" ParentNodeId="ns=1;i=6037" NodeId="ns=1;i=6039" BrowseName="TrueState">
        <DisplayName>TrueState</DisplayName>
        <References>
            <Reference ReferenceType="HasModellingRule">i=78</Reference>
            <Reference ReferenceType="HasTypeDefinition">i=68</Reference>
            <Reference ReferenceType="HasProperty" IsForward="false">ns=1;i=6037</Reference>
        </References>
    </UAVariable>
    <UAObject ParentNodeId="ns=1;i=1004" NodeId="ns=1;i=5002" BrowseName="1:P2">
        <DisplayName>P2</DisplayName>
        <References>
            <Reference ReferenceType="HasComponent">ns=1;i=6040</Reference>
            <Reference ReferenceType="HasModellingRule">i=78</Reference>
            <Reference ReferenceType="HasComponent">ns=1;i=6043</Reference>
            <Reference ReferenceType="HasComponent">ns=1;i=6046</Reference>
            <Reference ReferenceType="HasTypeDefinition">ns=1;i=1002</Reference>
            <Reference ReferenceType="HasComponent" IsForward="false">ns=1;i=1004</Reference>
            <Reference ReferenceType="HasComponent">ns=1;i=6049</Reference>
        </References>
    </UAObject>
    <UAVariable DataType="Boolean" ParentNodeId="ns=1;i=5002" NodeId="ns=1;i=6040" BrowseName="1:Flow" UserAccessLevel="3" AccessLevel="3">
        <DisplayName>Flow</DisplayName>
        <References>
            <Reference ReferenceType="HasProperty">ns=1;i=6041</Reference>
            <Reference ReferenceType="HasComponent" IsForward="false">ns=1;i=5002</Reference>
            <Reference ReferenceType="HasModellingRule">i=78</Reference>
            <Reference ReferenceType="HasProperty">ns=1;i=6042</Reference>
            <Reference ReferenceType="HasTypeDefinition">i=2373</Reference>
        </References>
    </UAVariable>
    <UAVariable DataType="LocalizedText" ParentNodeId="ns=1;i=6040" NodeId="ns=1;i=6041" BrowseName="FalseState">
        <DisplayName>FalseState</DisplayName>
        <References>
            <Reference ReferenceType="HasProperty" IsForward="false">ns=1;i=6040</Reference>
            <Reference ReferenceType="HasModellingRule">i=78</Reference>
            <Reference ReferenceType="HasTypeDefinition">i=68</Reference>
        </References>
    </UAVariable>
    <UAVariable DataType="LocalizedText" ParentNodeId="ns=1;i=6040" NodeId="ns=1;i=6042" BrowseName="TrueState">
        <DisplayName>TrueState</DisplayName>
        <References>
            <Reference ReferenceType="HasModellingRule">i=78</Reference>
            <Reference ReferenceType="HasTypeDefinition">i=68</Reference>
            <Reference ReferenceType="HasProperty" IsForward="false">ns=1;i=6040</Reference>
        </References>
    </UAVariable>
    <UAVariable DataType="Boolean" ParentNodeId="ns=1;i=5002" NodeId="ns=1;i=6043" BrowseName="1:Off" UserAccessLevel="3" AccessLevel="3">
        <DisplayName>Off</DisplayName>
        <References>
            <Reference ReferenceType="HasProperty">ns=1;i=6044</Reference>
            <Reference ReferenceType="HasModellingRule">i=78</Reference>
            <Reference ReferenceType="HasComponent" IsForward="false">ns=1;i=5002</Reference>
            <Reference ReferenceType="HasProperty">ns=1;i=6045</Reference>
            <Reference ReferenceType="HasTypeDefinition">i=2373</Reference>
        </References>
    </UAVariable>
    <UAVariable DataType="LocalizedText" ParentNodeId="ns=1;i=6043" NodeId="ns=1;i=6044" BrowseName="FalseState">
        <DisplayName>FalseState</DisplayName>
        <References>
            <Reference ReferenceType="HasProperty" IsForward="false">ns=1;i=6043</Reference>
            <Reference ReferenceType="HasModellingRule">i=78</Reference>
            <Reference ReferenceType="HasTypeDefinition">i=68</Reference>
        </References>
    </UAVariable>
    <UAVariable DataType="LocalizedText" ParentNodeId="ns=1;i=6043" NodeId="ns=1;i=6045" BrowseName="TrueState">
        <DisplayName>TrueState</DisplayName>
        <References>
            <Reference ReferenceType="HasModellingRule">i=78</Reference>
            <Reference ReferenceType="HasTypeDefinition">i=68</Reference>
            <Reference ReferenceType="HasProperty" IsForward="false">ns=1;i=6043</Reference>
        </References>
    </UAVariable>
    <UAVariable DataType="Boolean" ParentNodeId="ns=1;i=5002" NodeId="ns=1;i=6046" BrowseName="1:On" UserAccessLevel="3" AccessLevel="3">
        <DisplayName>On</DisplayName>
        <References>
            <Reference ReferenceType="HasProperty">ns=1;i=6047</Reference>
            <Reference ReferenceType="HasModellingRule">i=78</Reference>
            <Reference ReferenceType="HasComponent" IsForward="false">ns=1;i=5002</Reference>
            <Reference ReferenceType="HasProperty">ns=1;i=6048</Reference>
            <Reference ReferenceType="HasTypeDefinition">i=2373</Reference>
        </References>
    </UAVariable>
    <UAVariable DataType="LocalizedText" ParentNodeId="ns=1;i=6046" NodeId="ns=1;i=6047" BrowseName="FalseState">
        <DisplayName>FalseState</DisplayName>
        <References>
            <Reference ReferenceType="HasProperty" IsForward="false">ns=1;i=6046</Reference>
            <Reference ReferenceType="HasModellingRule">i=78</Reference>
            <Reference ReferenceType="HasTypeDefinition">i=68</Reference>
        </References>
    </UAVariable>
    <UAVariable DataType="LocalizedText" ParentNodeId="ns=1;i=6046" NodeId="ns=1;i=6048" BrowseName="TrueState">
        <DisplayName>TrueState</DisplayName>
        <References>
            <Reference ReferenceType="HasModellingRule">i=78</Reference>
            <Reference ReferenceType="HasTypeDefinition">i=68</Reference>
            <Reference ReferenceType="HasProperty" IsForward="false">ns=1;i=6046</Reference>
        </References>
    </UAVariable>
    <UAVariable DataType="Boolean" ParentNodeId="ns=1;i=5002" NodeId="ns=1;i=6049" BrowseName="1:State" UserAccessLevel="3" AccessLevel="3">
        <DisplayName>State</DisplayName>
        <References>
            <Reference ReferenceType="HasProperty">ns=1;i=6050</Reference>
            <Reference ReferenceType="HasModellingRule">i=78</Reference>
            <Reference ReferenceType="HasComponent" IsForward="false">ns=1;i=5002</Reference>
            <Reference ReferenceType="HasProperty">ns=1;i=6051</Reference>
            <Reference ReferenceType="HasTypeDefinition">i=2373</Reference>
        </References>
    </UAVariable>
    <UAVariable DataType="LocalizedText" ParentNodeId="ns=1;i=6049" NodeId="ns=1;i=6050" BrowseName="FalseState">
        <DisplayName>FalseState</DisplayName>
        <References>
            <Reference ReferenceType="HasProperty" IsForward="false">ns=1;i=6049</Reference>
            <Reference ReferenceType="HasModellingRule">i=78</Reference>
            <Reference ReferenceType="HasTypeDefinition">i=68</Reference>
        </References>
    </UAVariable>
    <UAVariable DataType="LocalizedText" ParentNodeId="ns=1;i=6049" NodeId="ns=1;i=6051" BrowseName="TrueState">
        <DisplayName>TrueState</DisplayName>
        <References>
            <Reference ReferenceType="HasModellingRule">i=78</Reference>
            <Reference ReferenceType="HasTypeDefinition">i=68</Reference>
            <Reference ReferenceType="HasProperty" IsForward="false">ns=1;i=6049</Reference>
        </References>
    </UAVariable>
    <UAObject ParentNodeId="ns=1;i=1004" NodeId="ns=1;i=5003" BrowseName="1:Z">
        <DisplayName>Z</DisplayName>
        <References>
            <Reference ReferenceType="HasComponent">ns=1;i=6056</Reference>
            <Reference ReferenceType="HasComponent">ns=1;i=6059</Reference>
            <Reference ReferenceType="HasModellingRule">i=78</Reference>
            <Reference ReferenceType="HasComponent">ns=1;i=6062</Reference>
            <Reference ReferenceType="HasComponent">ns=1;i=6065</Reference>
            <Reference ReferenceType="HasTypeDefinition">ns=1;i=1003</Reference>
            <Reference ReferenceType="HasComponent" IsForward="false">ns=1;i=1004</Reference>
        </References>
    </UAObject>
    <UAVariable DataType="Boolean" ParentNodeId="ns=1;i=5003" NodeId="ns=1;i=6056" BrowseName="1:Closed" UserAccessLevel="3" AccessLevel="3">
        <DisplayName>Closed</DisplayName>
        <References>
            <Reference ReferenceType="HasComponent" IsForward="false">ns=1;i=5003</Reference>
            <Reference ReferenceType="HasProperty">ns=1;i=6057</Reference>
            <Reference ReferenceType="HasModellingRule">i=78</Reference>
            <Reference ReferenceType="HasProperty">ns=1;i=6058</Reference>
            <Reference ReferenceType="HasTypeDefinition">i=2373</Reference>
        </References>
    </UAVariable>
    <UAVariable DataType="LocalizedText" ParentNodeId="ns=1;i=6056" NodeId="ns=1;i=6057" BrowseName="FalseState">
        <DisplayName>FalseState</DisplayName>
        <References>
            <Reference ReferenceType="HasProperty" IsForward="false">ns=1;i=6056</Reference>
            <Reference ReferenceType="HasModellingRule">i=78</Reference>
            <Reference ReferenceType="HasTypeDefinition">i=68</Reference>
        </References>
    </UAVariable>
    <UAVariable DataType="LocalizedText" ParentNodeId="ns=1;i=6056" NodeId="ns=1;i=6058" BrowseName="TrueState">
        <DisplayName>TrueState</DisplayName>
        <References>
            <Reference ReferenceType="HasModellingRule">i=78</Reference>
            <Reference ReferenceType="HasTypeDefinition">i=68</Reference>
            <Reference ReferenceType="HasProperty" IsForward="false">ns=1;i=6056</Reference>
        </References>
    </UAVariable>
    <UAVariable DataType="Boolean" ParentNodeId="ns=1;i=5003" NodeId="ns=1;i=6059" BrowseName="1:Flow" UserAccessLevel="3" AccessLevel="3">
        <DisplayName>Flow</DisplayName>
        <References>
            <Reference ReferenceType="HasProperty">ns=1;i=6060</Reference>
            <Reference ReferenceType="HasComponent" IsForward="false">ns=1;i=5003</Reference>
            <Reference ReferenceType="HasModellingRule">i=78</Reference>
            <Reference ReferenceType="HasProperty">ns=1;i=6061</Reference>
            <Reference ReferenceType="HasTypeDefinition">i=2373</Reference>
        </References>
    </UAVariable>
    <UAVariable DataType="LocalizedText" ParentNodeId="ns=1;i=6059" NodeId="ns=1;i=6060" BrowseName="FalseState">
        <DisplayName>FalseState</DisplayName>
        <References>
            <Reference ReferenceType="HasProperty" IsForward="false">ns=1;i=6059</Reference>
            <Reference ReferenceType="HasModellingRule">i=78</Reference>
            <Reference ReferenceType="HasTypeDefinition">i=68</Reference>
        </References>
    </UAVariable>
    <UAVariable DataType="LocalizedText" ParentNodeId="ns=1;i=6059" NodeId="ns=1;i=6061" BrowseName="TrueState">
        <DisplayName>TrueState</DisplayName>
        <References>
            <Reference ReferenceType="HasModellingRule">i=78</Reference>
            <Reference ReferenceType="HasTypeDefinition">i=68</Reference>
            <Reference ReferenceType="HasProperty" IsForward="false">ns=1;i=6059</Reference>
        </References>
    </UAVariable>
    <UAVariable DataType="Boolean" ParentNodeId="ns=1;i=5003" NodeId="ns=1;i=6062" BrowseName="1:Opened" UserAccessLevel="3" AccessLevel="3">
        <DisplayName>Opened</DisplayName>
        <References>
            <Reference ReferenceType="HasProperty">ns=1;i=6063</Reference>
            <Reference ReferenceType="HasModellingRule">i=78</Reference>
            <Reference ReferenceType="HasComponent" IsForward="false">ns=1;i=5003</Reference>
            <Reference ReferenceType="HasProperty">ns=1;i=6064</Reference>
            <Reference ReferenceType="HasTypeDefinition">i=2373</Reference>
        </References>
    </UAVariable>
    <UAVariable DataType="LocalizedText" ParentNodeId="ns=1;i=6062" NodeId="ns=1;i=6063" BrowseName="FalseState">
        <DisplayName>FalseState</DisplayName>
        <References>
            <Reference ReferenceType="HasProperty" IsForward="false">ns=1;i=6062</Reference>
            <Reference ReferenceType="HasModellingRule">i=78</Reference>
            <Reference ReferenceType="HasTypeDefinition">i=68</Reference>
        </References>
    </UAVariable>
    <UAVariable DataType="LocalizedText" ParentNodeId="ns=1;i=6062" NodeId="ns=1;i=6064" BrowseName="TrueState">
        <DisplayName>TrueState</DisplayName>
        <References>
            <Reference ReferenceType="HasModellingRule">i=78</Reference>
            <Reference ReferenceType="HasTypeDefinition">i=68</Reference>
            <Reference ReferenceType="HasProperty" IsForward="false">ns=1;i=6062</Reference>
        </References>
    </UAVariable>
    <UAVariable DataType="Boolean" ParentNodeId="ns=1;i=5003" NodeId="ns=1;i=6065" BrowseName="1:State" UserAccessLevel="3" AccessLevel="3">
        <DisplayName>State</DisplayName>
        <References>
            <Reference ReferenceType="HasProperty">ns=1;i=6066</Reference>
            <Reference ReferenceType="HasModellingRule">i=78</Reference>
            <Reference ReferenceType="HasComponent" IsForward="false">ns=1;i=5003</Reference>
            <Reference ReferenceType="HasProperty">ns=1;i=6067</Reference>
            <Reference ReferenceType="HasTypeDefinition">i=2373</Reference>
        </References>
    </UAVariable>
    <UAVariable DataType="LocalizedText" ParentNodeId="ns=1;i=6065" NodeId="ns=1;i=6066" BrowseName="FalseState">
        <DisplayName>FalseState</DisplayName>
        <References>
            <Reference ReferenceType="HasProperty" IsForward="false">ns=1;i=6065</Reference>
            <Reference ReferenceType="HasModellingRule">i=78</Reference>
            <Reference ReferenceType="HasTypeDefinition">i=68</Reference>
        </References>
    </UAVariable>
    <UAVariable DataType="LocalizedText" ParentNodeId="ns=1;i=6065" NodeId="ns=1;i=6067" BrowseName="TrueState">
        <DisplayName>TrueState</DisplayName>
        <References>
            <Reference ReferenceType="HasModellingRule">i=78</Reference>
            <Reference ReferenceType="HasTypeDefinition">i=68</Reference>
            <Reference ReferenceType="HasProperty" IsForward="false">ns=1;i=6065</Reference>
        </References>
    </UAVariable>
    <UAObjectType NodeId="ns=1;i=1003" BrowseName="1:Valve">
        <DisplayName>Valve</DisplayName>
        <References>
            <Reference ReferenceType="HasComponent">ns=1;i=6004</Reference>
            <Reference ReferenceType="HasComponent">ns=1;i=6002</Reference>
            <Reference ReferenceType="HasComponent">ns=1;i=6001</Reference>
            <Reference ReferenceType="HasComponent">ns=1;i=6003</Reference>
            <Reference ReferenceType="HasSubtype" IsForward="false">i=58</Reference>
        </References>
    </UAObjectType>
    <UAVariable DataType="Boolean" ParentNodeId="ns=1;i=1003" NodeId="ns=1;i=6004" BrowseName="1:Closed" UserAccessLevel="3" AccessLevel="3">
        <DisplayName>Closed</DisplayName>
        <References>
            <Reference ReferenceType="HasProperty">ns=1;i=6016</Reference>
            <Reference ReferenceType="HasModellingRule">i=78</Reference>
            <Reference ReferenceType="HasProperty">ns=1;i=6052</Reference>
            <Reference ReferenceType="HasTypeDefinition">i=2373</Reference>
            <Reference ReferenceType="HasComponent" IsForward="false">ns=1;i=1003</Reference>
        </References>
    </UAVariable>
    <UAVariable DataType="LocalizedText" ParentNodeId="ns=1;i=6004" NodeId="ns=1;i=6016" BrowseName="FalseState">
        <DisplayName>FalseState</DisplayName>
        <References>
            <Reference ReferenceType="HasProperty" IsForward="false">ns=1;i=6004</Reference>
            <Reference ReferenceType="HasModellingRule">i=78</Reference>
            <Reference ReferenceType="HasTypeDefinition">i=68</Reference>
        </References>
    </UAVariable>
    <UAVariable DataType="LocalizedText" ParentNodeId="ns=1;i=6004" NodeId="ns=1;i=6052" BrowseName="TrueState">
        <DisplayName>TrueState</DisplayName>
        <References>
            <Reference ReferenceType="HasModellingRule">i=78</Reference>
            <Reference ReferenceType="HasTypeDefinition">i=68</Reference>
            <Reference ReferenceType="HasProperty" IsForward="false">ns=1;i=6004</Reference>
        </References>
    </UAVariable>
    <UAVariable DataType="Boolean" ParentNodeId="ns=1;i=1003" NodeId="ns=1;i=6002" BrowseName="1:Flow" UserAccessLevel="3" AccessLevel="3">
        <DisplayName>Flow</DisplayName>
        <References>
            <Reference ReferenceType="HasProperty">ns=1;i=6017</Reference>
            <Reference ReferenceType="HasModellingRule">i=78</Reference>
            <Reference ReferenceType="HasProperty">ns=1;i=6053</Reference>
            <Reference ReferenceType="HasTypeDefinition">i=2373</Reference>
            <Reference ReferenceType="HasComponent" IsForward="false">ns=1;i=1003</Reference>
        </References>
    </UAVariable>
    <UAVariable DataType="LocalizedText" ParentNodeId="ns=1;i=6002" NodeId="ns=1;i=6017" BrowseName="FalseState">
        <DisplayName>FalseState</DisplayName>
        <References>
            <Reference ReferenceType="HasProperty" IsForward="false">ns=1;i=6002</Reference>
            <Reference ReferenceType="HasModellingRule">i=78</Reference>
            <Reference ReferenceType="HasTypeDefinition">i=68</Reference>
        </References>
    </UAVariable>
    <UAVariable DataType="LocalizedText" ParentNodeId="ns=1;i=6002" NodeId="ns=1;i=6053" BrowseName="TrueState">
        <DisplayName>TrueState</DisplayName>
        <References>
            <Reference ReferenceType="HasModellingRule">i=78</Reference>
            <Reference ReferenceType="HasTypeDefinition">i=68</Reference>
            <Reference ReferenceType="HasProperty" IsForward="false">ns=1;i=6002</Reference>
        </References>
    </UAVariable>
    <UAVariable DataType="Boolean" ParentNodeId="ns=1;i=1003" NodeId="ns=1;i=6001" BrowseName="1:Opened" UserAccessLevel="3" AccessLevel="3">
        <DisplayName>Opened</DisplayName>
        <References>
            <Reference ReferenceType="HasProperty">ns=1;i=6018</Reference>
            <Reference ReferenceType="HasModellingRule">i=78</Reference>
            <Reference ReferenceType="HasProperty">ns=1;i=6054</Reference>
            <Reference ReferenceType="HasTypeDefinition">i=2373</Reference>
            <Reference ReferenceType="HasComponent" IsForward="false">ns=1;i=1003</Reference>
        </References>
    </UAVariable>
    <UAVariable DataType="LocalizedText" ParentNodeId="ns=1;i=6001" NodeId="ns=1;i=6018" BrowseName="FalseState">
        <DisplayName>FalseState</DisplayName>
        <References>
            <Reference ReferenceType="HasProperty" IsForward="false">ns=1;i=6001</Reference>
            <Reference ReferenceType="HasModellingRule">i=78</Reference>
            <Reference ReferenceType="HasTypeDefinition">i=68</Reference>
        </References>
    </UAVariable>
    <UAVariable DataType="LocalizedText" ParentNodeId="ns=1;i=6001" NodeId="ns=1;i=6054" BrowseName="TrueState">
        <DisplayName>TrueState</DisplayName>
        <References>
            <Reference ReferenceType="HasModellingRule">i=78</Reference>
            <Reference ReferenceType="HasTypeDefinition">i=68</Reference>
            <Reference ReferenceType="HasProperty" IsForward="false">ns=1;i=6001</Reference>
        </References>
    </UAVariable>
    <UAVariable DataType="Boolean" ParentNodeId="ns=1;i=1003" NodeId="ns=1;i=6003" BrowseName="1:State" UserAccessLevel="3" AccessLevel="3">
        <DisplayName>State</DisplayName>
        <References>
            <Reference ReferenceType="HasProperty">ns=1;i=6019</Reference>
            <Reference ReferenceType="HasModellingRule">i=78</Reference>
            <Reference ReferenceType="HasProperty">ns=1;i=6055</Reference>
            <Reference ReferenceType="HasTypeDefinition">i=2373</Reference>
            <Reference ReferenceType="HasComponent" IsForward="false">ns=1;i=1003</Reference>
        </References>
    </UAVariable>
    <UAVariable DataType="LocalizedText" ParentNodeId="ns=1;i=6003" NodeId="ns=1;i=6019" BrowseName="FalseState">
        <DisplayName>FalseState</DisplayName>
        <References>
            <Reference ReferenceType="HasProperty" IsForward="false">ns=1;i=6003</Reference>
            <Reference ReferenceType="HasModellingRule">i=78</Reference>
            <Reference ReferenceType="HasTypeDefinition">i=68</Reference>
        </References>
    </UAVariable>
    <UAVariable DataType="LocalizedText" ParentNodeId="ns=1;i=6003" NodeId="ns=1;i=6055" BrowseName="TrueState">
        <DisplayName>TrueState</DisplayName>
        <References>
            <Reference ReferenceType="HasModellingRule">i=78</Reference>
            <Reference ReferenceType="HasTypeDefinition">i=68</Reference>
            <Reference ReferenceType="HasProperty" IsForward="false">ns=1;i=6003</Reference>
        </References>
    </UAVariable>
    <UAObject NodeId="ns=1;i=5005" BrowseName="1:Tank_GKiO2_Sect7">
        <DisplayName>Tank_GKiO2_Sect7</DisplayName>
        <References>
            <Reference ReferenceType="HasComponent">ns=1;i=6068</Reference>
            <Reference ReferenceType="HasComponent">ns=1;i=6071</Reference>
            <Reference ReferenceType="HasComponent">ns=1;i=6073</Reference>
            <Reference ReferenceType="HasComponent">ns=1;i=5004</Reference>
            <Reference ReferenceType="HasComponent">ns=1;i=5006</Reference>
            <Reference ReferenceType="HasTypeDefinition">ns=1;i=1004</Reference>
            <Reference ReferenceType="Organizes" IsForward="false">i=85</Reference>
            <Reference ReferenceType="HasComponent">ns=1;i=5007</Reference>
        </References>
    </UAObject>
    <UAVariable DataType="Boolean" ParentNodeId="ns=1;i=5005" NodeId="ns=1;i=6068" BrowseName="1:Automatic" UserAccessLevel="3" AccessLevel="3">
        <DisplayName>Automatic</DisplayName>
        <References>
            <Reference ReferenceType="HasProperty">ns=1;i=6069</Reference>
            <Reference ReferenceType="HasProperty">ns=1;i=6070</Reference>
            <Reference ReferenceType="HasTypeDefinition">i=2373</Reference>
            <Reference ReferenceType="HasComponent" IsForward="false">ns=1;i=5005</Reference>
        </References>
    </UAVariable>
    <UAVariable DataType="LocalizedText" ParentNodeId="ns=1;i=6068" NodeId="ns=1;i=6069" BrowseName="FalseState">
        <DisplayName>FalseState</DisplayName>
        <References>
            <Reference ReferenceType="HasProperty" IsForward="false">ns=1;i=6068</Reference>
            <Reference ReferenceType="HasTypeDefinition">i=68</Reference>
        </References>
    </UAVariable>
    <UAVariable DataType="LocalizedText" ParentNodeId="ns=1;i=6068" NodeId="ns=1;i=6070" BrowseName="TrueState">
        <DisplayName>TrueState</DisplayName>
        <References>
            <Reference ReferenceType="HasTypeDefinition">i=68</Reference>
            <Reference ReferenceType="HasProperty" IsForward="false">ns=1;i=6068</Reference>
        </References>
    </UAVariable>
    <UAVariable DataType="Double" ParentNodeId="ns=1;i=5005" NodeId="ns=1;i=6071" BrowseName="1:Counter" UserAccessLevel="3" AccessLevel="3">
        <DisplayName>Counter</DisplayName>
        <References>
            <Reference ReferenceType="HasTypeDefinition">i=2368</Reference>
            <Reference ReferenceType="HasComponent" IsForward="false">ns=1;i=5005</Reference>
            <Reference ReferenceType="HasProperty">ns=1;i=6072</Reference>
        </References>
    </UAVariable>
    <UAVariable DataType="Range" ParentNodeId="ns=1;i=6071" NodeId="ns=1;i=6072" BrowseName="EURange">
        <DisplayName>EURange</DisplayName>
        <References>
            <Reference ReferenceType="HasProperty" IsForward="false">ns=1;i=6071</Reference>
            <Reference ReferenceType="HasTypeDefinition">i=68</Reference>
        </References>
    </UAVariable>
    <UAVariable DataType="Double" ParentNodeId="ns=1;i=5005" NodeId="ns=1;i=6073" BrowseName="1:Level" UserAccessLevel="3" AccessLevel="3">
        <DisplayName>Level</DisplayName>
        <References>
            <Reference ReferenceType="HasTypeDefinition">i=2368</Reference>
            <Reference ReferenceType="HasProperty">ns=1;i=6074</Reference>
            <Reference ReferenceType="HasComponent" IsForward="false">ns=1;i=5005</Reference>
        </References>
    </UAVariable>
    <UAVariable DataType="Range" ParentNodeId="ns=1;i=6073" NodeId="ns=1;i=6074" BrowseName="EURange">
        <DisplayName>EURange</DisplayName>
        <References>
            <Reference ReferenceType="HasProperty" IsForward="false">ns=1;i=6073</Reference>
            <Reference ReferenceType="HasTypeDefinition">i=68</Reference>
        </References>
    </UAVariable>
    <UAObject ParentNodeId="ns=1;i=5005" NodeId="ns=1;i=5004" BrowseName="1:P1">
        <DisplayName>P1</DisplayName>
        <References>
            <Reference ReferenceType="HasComponent">ns=1;i=6075</Reference>
            <Reference ReferenceType="HasComponent">ns=1;i=6078</Reference>
            <Reference ReferenceType="HasComponent">ns=1;i=6081</Reference>
            <Reference ReferenceType="HasTypeDefinition">ns=1;i=1002</Reference>
            <Reference ReferenceType="HasComponent" IsForward="false">ns=1;i=5005</Reference>
            <Reference ReferenceType="HasComponent">ns=1;i=6084</Reference>
        </References>
    </UAObject>
    <UAVariable DataType="Boolean" ParentNodeId="ns=1;i=5004" NodeId="ns=1;i=6075" BrowseName="1:Flow" UserAccessLevel="3" AccessLevel="3">
        <DisplayName>Flow</DisplayName>
        <References>
            <Reference ReferenceType="HasProperty">ns=1;i=6076</Reference>
            <Reference ReferenceType="HasComponent" IsForward="false">ns=1;i=5004</Reference>
            <Reference ReferenceType="HasProperty">ns=1;i=6077</Reference>
            <Reference ReferenceType="HasTypeDefinition">i=2373</Reference>
        </References>
    </UAVariable>
    <UAVariable DataType="LocalizedText" ParentNodeId="ns=1;i=6075" NodeId="ns=1;i=6076" BrowseName="FalseState">
        <DisplayName>FalseState</DisplayName>
        <References>
            <Reference ReferenceType="HasProperty" IsForward="false">ns=1;i=6075</Reference>
            <Reference ReferenceType="HasTypeDefinition">i=68</Reference>
        </References>
    </UAVariable>
    <UAVariable DataType="LocalizedText" ParentNodeId="ns=1;i=6075" NodeId="ns=1;i=6077" BrowseName="TrueState">
        <DisplayName>TrueState</DisplayName>
        <References>
            <Reference ReferenceType="HasTypeDefinition">i=68</Reference>
            <Reference ReferenceType="HasProperty" IsForward="false">ns=1;i=6075</Reference>
        </References>
    </UAVariable>
    <UAVariable DataType="Boolean" ParentNodeId="ns=1;i=5004" NodeId="ns=1;i=6078" BrowseName="1:Off" UserAccessLevel="3" AccessLevel="3">
        <DisplayName>Off</DisplayName>
        <References>
            <Reference ReferenceType="HasProperty">ns=1;i=6079</Reference>
            <Reference ReferenceType="HasComponent" IsForward="false">ns=1;i=5004</Reference>
            <Reference ReferenceType="HasProperty">ns=1;i=6080</Reference>
            <Reference ReferenceType="HasTypeDefinition">i=2373</Reference>
        </References>
    </UAVariable>
    <UAVariable DataType="LocalizedText" ParentNodeId="ns=1;i=6078" NodeId="ns=1;i=6079" BrowseName="FalseState">
        <DisplayName>FalseState</DisplayName>
        <References>
            <Reference ReferenceType="HasProperty" IsForward="false">ns=1;i=6078</Reference>
            <Reference ReferenceType="HasTypeDefinition">i=68</Reference>
        </References>
    </UAVariable>
    <UAVariable DataType="LocalizedText" ParentNodeId="ns=1;i=6078" NodeId="ns=1;i=6080" BrowseName="TrueState">
        <DisplayName>TrueState</DisplayName>
        <References>
            <Reference ReferenceType="HasTypeDefinition">i=68</Reference>
            <Reference ReferenceType="HasProperty" IsForward="false">ns=1;i=6078</Reference>
        </References>
    </UAVariable>
    <UAVariable DataType="Boolean" ParentNodeId="ns=1;i=5004" NodeId="ns=1;i=6081" BrowseName="1:On" UserAccessLevel="3" AccessLevel="3">
        <DisplayName>On</DisplayName>
        <References>
            <Reference ReferenceType="HasProperty">ns=1;i=6082</Reference>
            <Reference ReferenceType="HasComponent" IsForward="false">ns=1;i=5004</Reference>
            <Reference ReferenceType="HasProperty">ns=1;i=6083</Reference>
            <Reference ReferenceType="HasTypeDefinition">i=2373</Reference>
        </References>
    </UAVariable>
    <UAVariable DataType="LocalizedText" ParentNodeId="ns=1;i=6081" NodeId="ns=1;i=6082" BrowseName="FalseState">
        <DisplayName>FalseState</DisplayName>
        <References>
            <Reference ReferenceType="HasProperty" IsForward="false">ns=1;i=6081</Reference>
            <Reference ReferenceType="HasTypeDefinition">i=68</Reference>
        </References>
    </UAVariable>
    <UAVariable DataType="LocalizedText" ParentNodeId="ns=1;i=6081" NodeId="ns=1;i=6083" BrowseName="TrueState">
        <DisplayName>TrueState</DisplayName>
        <References>
            <Reference ReferenceType="HasTypeDefinition">i=68</Reference>
            <Reference ReferenceType="HasProperty" IsForward="false">ns=1;i=6081</Reference>
        </References>
    </UAVariable>
    <UAVariable DataType="Boolean" ParentNodeId="ns=1;i=5004" NodeId="ns=1;i=6084" BrowseName="1:State" UserAccessLevel="3" AccessLevel="3">
        <DisplayName>State</DisplayName>
        <References>
            <Reference ReferenceType="HasProperty">ns=1;i=6085</Reference>
            <Reference ReferenceType="HasComponent" IsForward="false">ns=1;i=5004</Reference>
            <Reference ReferenceType="HasProperty">ns=1;i=6086</Reference>
            <Reference ReferenceType="HasTypeDefinition">i=2373</Reference>
        </References>
    </UAVariable>
    <UAVariable DataType="LocalizedText" ParentNodeId="ns=1;i=6084" NodeId="ns=1;i=6085" BrowseName="FalseState">
        <DisplayName>FalseState</DisplayName>
        <References>
            <Reference ReferenceType="HasProperty" IsForward="false">ns=1;i=6084</Reference>
            <Reference ReferenceType="HasTypeDefinition">i=68</Reference>
        </References>
    </UAVariable>
    <UAVariable DataType="LocalizedText" ParentNodeId="ns=1;i=6084" NodeId="ns=1;i=6086" BrowseName="TrueState">
        <DisplayName>TrueState</DisplayName>
        <References>
            <Reference ReferenceType="HasTypeDefinition">i=68</Reference>
            <Reference ReferenceType="HasProperty" IsForward="false">ns=1;i=6084</Reference>
        </References>
    </UAVariable>
    <UAObject ParentNodeId="ns=1;i=5005" NodeId="ns=1;i=5006" BrowseName="1:P2">
        <DisplayName>P2</DisplayName>
        <References>
            <Reference ReferenceType="HasComponent">ns=1;i=6087</Reference>
            <Reference ReferenceType="HasComponent">ns=1;i=6090</Reference>
            <Reference ReferenceType="HasComponent">ns=1;i=6093</Reference>
            <Reference ReferenceType="HasTypeDefinition">ns=1;i=1002</Reference>
            <Reference ReferenceType="HasComponent" IsForward="false">ns=1;i=5005</Reference>
            <Reference ReferenceType="HasComponent">ns=1;i=6096</Reference>
        </References>
    </UAObject>
    <UAVariable DataType="Boolean" ParentNodeId="ns=1;i=5006" NodeId="ns=1;i=6087" BrowseName="1:Flow" UserAccessLevel="3" AccessLevel="3">
        <DisplayName>Flow</DisplayName>
        <References>
            <Reference ReferenceType="HasProperty">ns=1;i=6088</Reference>
            <Reference ReferenceType="HasComponent" IsForward="false">ns=1;i=5006</Reference>
            <Reference ReferenceType="HasProperty">ns=1;i=6089</Reference>
            <Reference ReferenceType="HasTypeDefinition">i=2373</Reference>
        </References>
    </UAVariable>
    <UAVariable DataType="LocalizedText" ParentNodeId="ns=1;i=6087" NodeId="ns=1;i=6088" BrowseName="FalseState">
        <DisplayName>FalseState</DisplayName>
        <References>
            <Reference ReferenceType="HasProperty" IsForward="false">ns=1;i=6087</Reference>
            <Reference ReferenceType="HasTypeDefinition">i=68</Reference>
        </References>
    </UAVariable>
    <UAVariable DataType="LocalizedText" ParentNodeId="ns=1;i=6087" NodeId="ns=1;i=6089" BrowseName="TrueState">
        <DisplayName>TrueState</DisplayName>
        <References>
            <Reference ReferenceType="HasTypeDefinition">i=68</Reference>
            <Reference ReferenceType="HasProperty" IsForward="false">ns=1;i=6087</Reference>
        </References>
    </UAVariable>
    <UAVariable DataType="Boolean" ParentNodeId="ns=1;i=5006" NodeId="ns=1;i=6090" BrowseName="1:Off" UserAccessLevel="3" AccessLevel="3">
        <DisplayName>Off</DisplayName>
        <References>
            <Reference ReferenceType="HasProperty">ns=1;i=6091</Reference>
            <Reference ReferenceType="HasComponent" IsForward="false">ns=1;i=5006</Reference>
            <Reference ReferenceType="HasProperty">ns=1;i=6092</Reference>
            <Reference ReferenceType="HasTypeDefinition">i=2373</Reference>
        </References>
    </UAVariable>
    <UAVariable DataType="LocalizedText" ParentNodeId="ns=1;i=6090" NodeId="ns=1;i=6091" BrowseName="FalseState">
        <DisplayName>FalseState</DisplayName>
        <References>
            <Reference ReferenceType="HasProperty" IsForward="false">ns=1;i=6090</Reference>
            <Reference ReferenceType="HasTypeDefinition">i=68</Reference>
        </References>
    </UAVariable>
    <UAVariable DataType="LocalizedText" ParentNodeId="ns=1;i=6090" NodeId="ns=1;i=6092" BrowseName="TrueState">
        <DisplayName>TrueState</DisplayName>
        <References>
            <Reference ReferenceType="HasTypeDefinition">i=68</Reference>
            <Reference ReferenceType="HasProperty" IsForward="false">ns=1;i=6090</Reference>
        </References>
    </UAVariable>
    <UAVariable DataType="Boolean" ParentNodeId="ns=1;i=5006" NodeId="ns=1;i=6093" BrowseName="1:On" UserAccessLevel="3" AccessLevel="3">
        <DisplayName>On</DisplayName>
        <References>
            <Reference ReferenceType="HasProperty">ns=1;i=6094</Reference>
            <Reference ReferenceType="HasComponent" IsForward="false">ns=1;i=5006</Reference>
            <Reference ReferenceType="HasProperty">ns=1;i=6095</Reference>
            <Reference ReferenceType="HasTypeDefinition">i=2373</Reference>
        </References>
    </UAVariable>
    <UAVariable DataType="LocalizedText" ParentNodeId="ns=1;i=6093" NodeId="ns=1;i=6094" BrowseName="FalseState">
        <DisplayName>FalseState</DisplayName>
        <References>
            <Reference ReferenceType="HasProperty" IsForward="false">ns=1;i=6093</Reference>
            <Reference ReferenceType="HasTypeDefinition">i=68</Reference>
        </References>
    </UAVariable>
    <UAVariable DataType="LocalizedText" ParentNodeId="ns=1;i=6093" NodeId="ns=1;i=6095" BrowseName="TrueState">
        <DisplayName>TrueState</DisplayName>
        <References>
            <Reference ReferenceType="HasTypeDefinition">i=68</Reference>
            <Reference ReferenceType="HasProperty" IsForward="false">ns=1;i=6093</Reference>
        </References>
    </UAVariable>
    <UAVariable DataType="Boolean" ParentNodeId="ns=1;i=5006" NodeId="ns=1;i=6096" BrowseName="1:State" UserAccessLevel="3" AccessLevel="3">
        <DisplayName>State</DisplayName>
        <References>
            <Reference ReferenceType="HasProperty">ns=1;i=6097</Reference>
            <Reference ReferenceType="HasComponent" IsForward="false">ns=1;i=5006</Reference>
            <Reference ReferenceType="HasProperty">ns=1;i=6098</Reference>
            <Reference ReferenceType="HasTypeDefinition">i=2373</Reference>
        </References>
    </UAVariable>
    <UAVariable DataType="LocalizedText" ParentNodeId="ns=1;i=6096" NodeId="ns=1;i=6097" BrowseName="FalseState">
        <DisplayName>FalseState</DisplayName>
        <References>
            <Reference ReferenceType="HasProperty" IsForward="false">ns=1;i=6096</Reference>
            <Reference ReferenceType="HasTypeDefinition">i=68</Reference>
        </References>
    </UAVariable>
    <UAVariable DataType="LocalizedText" ParentNodeId="ns=1;i=6096" NodeId="ns=1;i=6098" BrowseName="TrueState">
        <DisplayName>TrueState</DisplayName>
        <References>
            <Reference ReferenceType="HasTypeDefinition">i=68</Reference>
            <Reference ReferenceType="HasProperty" IsForward="false">ns=1;i=6096</Reference>
        </References>
    </UAVariable>
    <UAObject ParentNodeId="ns=1;i=5005" NodeId="ns=1;i=5007" BrowseName="1:Z">
        <DisplayName>Z</DisplayName>
        <References>
            <Reference ReferenceType="HasComponent">ns=1;i=6099</Reference>
            <Reference ReferenceType="HasComponent">ns=1;i=6102</Reference>
            <Reference ReferenceType="HasComponent">ns=1;i=6105</Reference>
            <Reference ReferenceType="HasComponent">ns=1;i=6108</Reference>
            <Reference ReferenceType="HasTypeDefinition">ns=1;i=1003</Reference>
            <Reference ReferenceType="HasComponent" IsForward="false">ns=1;i=5005</Reference>
        </References>
    </UAObject>
    <UAVariable DataType="Boolean" ParentNodeId="ns=1;i=5007" NodeId="ns=1;i=6099" BrowseName="1:Closed" UserAccessLevel="3" AccessLevel="3">
        <DisplayName>Closed</DisplayName>
        <References>
            <Reference ReferenceType="HasComponent" IsForward="false">ns=1;i=5007</Reference>
            <Reference ReferenceType="HasProperty">ns=1;i=6100</Reference>
            <Reference ReferenceType="HasProperty">ns=1;i=6101</Reference>
            <Reference ReferenceType="HasTypeDefinition">i=2373</Reference>
        </References>
    </UAVariable>
    <UAVariable DataType="LocalizedText" ParentNodeId="ns=1;i=6099" NodeId="ns=1;i=6100" BrowseName="FalseState">
        <DisplayName>FalseState</DisplayName>
        <References>
            <Reference ReferenceType="HasProperty" IsForward="false">ns=1;i=6099</Reference>
            <Reference ReferenceType="HasTypeDefinition">i=68</Reference>
        </References>
    </UAVariable>
    <UAVariable DataType="LocalizedText" ParentNodeId="ns=1;i=6099" NodeId="ns=1;i=6101" BrowseName="TrueState">
        <DisplayName>TrueState</DisplayName>
        <References>
            <Reference ReferenceType="HasTypeDefinition">i=68</Reference>
            <Reference ReferenceType="HasProperty" IsForward="false">ns=1;i=6099</Reference>
        </References>
    </UAVariable>
    <UAVariable DataType="Boolean" ParentNodeId="ns=1;i=5007" NodeId="ns=1;i=6102" BrowseName="1:Flow" UserAccessLevel="3" AccessLevel="3">
        <DisplayName>Flow</DisplayName>
        <References>
            <Reference ReferenceType="HasProperty">ns=1;i=6103</Reference>
            <Reference ReferenceType="HasComponent" IsForward="false">ns=1;i=5007</Reference>
            <Reference ReferenceType="HasProperty">ns=1;i=6104</Reference>
            <Reference ReferenceType="HasTypeDefinition">i=2373</Reference>
        </References>
    </UAVariable>
    <UAVariable DataType="LocalizedText" ParentNodeId="ns=1;i=6102" NodeId="ns=1;i=6103" BrowseName="FalseState">
        <DisplayName>FalseState</DisplayName>
        <References>
            <Reference ReferenceType="HasProperty" IsForward="false">ns=1;i=6102</Reference>
            <Reference ReferenceType="HasTypeDefinition">i=68</Reference>
        </References>
    </UAVariable>
    <UAVariable DataType="LocalizedText" ParentNodeId="ns=1;i=6102" NodeId="ns=1;i=6104" BrowseName="TrueState">
        <DisplayName>TrueState</DisplayName>
        <References>
            <Reference ReferenceType="HasTypeDefinition">i=68</Reference>
            <Reference ReferenceType="HasProperty" IsForward="false">ns=1;i=6102</Reference>
        </References>
    </UAVariable>
    <UAVariable DataType="Boolean" ParentNodeId="ns=1;i=5007" NodeId="ns=1;i=6105" BrowseName="1:Opened" UserAccessLevel="3" AccessLevel="3">
        <DisplayName>Opened</DisplayName>
        <References>
            <Reference ReferenceType="HasProperty">ns=1;i=6106</Reference>
            <Reference ReferenceType="HasComponent" IsForward="false">ns=1;i=5007</Reference>
            <Reference ReferenceType="HasProperty">ns=1;i=6107</Reference>
            <Reference ReferenceType="HasTypeDefinition">i=2373</Reference>
        </References>
    </UAVariable>
    <UAVariable DataType="LocalizedText" ParentNodeId="ns=1;i=6105" NodeId="ns=1;i=6106" BrowseName="FalseState">
        <DisplayName>FalseState</DisplayName>
        <References>
            <Reference ReferenceType="HasProperty" IsForward="false">ns=1;i=6105</Reference>
            <Reference ReferenceType="HasTypeDefinition">i=68</Reference>
        </References>
    </UAVariable>
    <UAVariable DataType="LocalizedText" ParentNodeId="ns=1;i=6105" NodeId="ns=1;i=6107" BrowseName="TrueState">
        <DisplayName>TrueState</DisplayName>
        <References>
            <Reference ReferenceType="HasTypeDefinition">i=68</Reference>
            <Reference ReferenceType="HasProperty" IsForward="false">ns=1;i=6105</Reference>
        </References>
    </UAVariable>
    <UAVariable DataType="Boolean" ParentNodeId="ns=1;i=5007" NodeId="ns=1;i=6108" BrowseName="1:State" UserAccessLevel="3" AccessLevel="3">
        <DisplayName>State</DisplayName>
        <References>
            <Reference ReferenceType="HasProperty">ns=1;i=6109</Reference>
            <Reference ReferenceType="HasComponent" IsForward="false">ns=1;i=5007</Reference>
            <Reference ReferenceType="HasProperty">ns=1;i=6110</Reference>
            <Reference ReferenceType="HasTypeDefinition">i=2373</Reference>
        </References>
    </UAVariable>
    <UAVariable DataType="LocalizedText" ParentNodeId="ns=1;i=6108" NodeId="ns=1;i=6109" BrowseName="FalseState">
        <DisplayName>FalseState</DisplayName>
        <References>
            <Reference ReferenceType="HasProperty" IsForward="false">ns=1;i=6108</Reference>
            <Reference ReferenceType="HasTypeDefinition">i=68</Reference>
        </References>
    </UAVariable>
    <UAVariable DataType="LocalizedText" ParentNodeId="ns=1;i=6108" NodeId="ns=1;i=6110" BrowseName="TrueState">
        <DisplayName>TrueState</DisplayName>
        <References>
            <Reference ReferenceType="HasTypeDefinition">i=68</Reference>
            <Reference ReferenceType="HasProperty" IsForward="false">ns=1;i=6108</Reference>
        </References>
    </UAVariable>
</UANodeSet>
